name,smarts,rule_set
nitro,[N+](=O)[O-],demo
azo,N=N,demo
aldehyde,[CX3H1](=O)[#6],demo
thiol,[SX2H],demo
quinone,O=C1C=CC(=O)C=C1,demo
michael_acceptor,C=CC(=O)[#6],demo
acyl_halide,"C(=O)[Cl,Br,I]",demo
benzene,c1ccccc1,demo
benzene_kekule,C1=CC=CC=C1,demo
phenol,c1ccccc1[OH],demo
any_carbon,[#6],demo
aromatic_CH,c[H],demo
oganesson,[#118],demo
unbalanced,c1ccccc,demo
nitro_again,[N+](=O)[O-],demo
recursive_carbonyl,[$(C=O)],demo
halo_alkane,[Cl][CX4],demo
any_chloride,[#6][Cl],demo
