compound_id,smiles,standard_relation,standard_value,standard_units,pchembl_value,assay_id,document_id,year,split,activity_class
CPD-001,O=C(Nc1ccccc1)c1ccccc1,=,12,uM,4.92,ASSAY-1,DOC-1,2019,train,inactive
CPD-002,O=C(Nc1ccc(F)cc1)c1ccccc1,=,8,uM,5.10,ASSAY-1,DOC-1,2019,train,active
CPD-003,O=C(Nc1ccc(Cl)cc1)c1ccccc1,=,3,uM,5.52,ASSAY-1,DOC-1,2019,train,active
CPD-004,O=C(Nc1ccc(Br)cc1)c1ccccc1,=,2,uM,5.70,ASSAY-1,DOC-1,2019,train,active
CPD-005,O=C(Nc1ccc(C)cc1)c1ccccc1,=,10,uM,5.00,ASSAY-1,DOC-1,2019,train,active
CPD-006,O=C(Nc1ccc(OC)cc1)c1ccccc1,=,15,uM,4.82,ASSAY-1,DOC-1,2019,train,inactive
CPD-007,O=C(Nc1ccc([N+](=O)[O-])cc1)c1ccccc1,=,0.004,uM,8.40,ASSAY-1,DOC-1,2019,train,active
CPD-009,O=C(Nc1ccc(O)cc1)c1ccccc1,=,9,uM,5.05,ASSAY-1,DOC-1,2019,train,active
CPD-010,O=C(Nc1ccc(C#N)cc1)c1ccccc1,=,6,uM,5.22,ASSAY-1,DOC-1,2019,train,active
CPD-008,O=C(Nc1ccc(C(F)(F)F)cc1)c1ccccc1,>,100,uM,,ASSAY-1,DOC-1,2019,train,inactive
CPD-011,O=S(=O)(Nc1ccccc1)c1ccccc1,=,50,uM,4.30,ASSAY-1,DOC-2,2021,test,inactive
CPD-012,O=S(=O)(Nc1ccccc1)c1ccc(Cl)cc1,=,40,uM,4.40,ASSAY-1,DOC-2,2021,test,inactive
CPD-013,Nc1ccc(S(=O)(=O)Nc2ccccc2)cc1,=,0.3,uM,6.52,ASSAY-1,DOC-2,2021,test,active
CPD-014,CNc1ccc(S(=O)(=O)Nc2ccccc2)cc1,=,0.5,uM,6.30,ASSAY-1,DOC-2,2021,test,active
CPD-015,CC(=O)Oc1ccccc1C(=O)O,=,25,uM,4.60,ASSAY-1,DOC-3,2018,train,inactive
CPD-016,CC(=O)Oc1ccccc1C(=O)[O-].[Na+],=,30,uM,4.52,ASSAY-1,DOC-3,2018,test,inactive
CPD-017,Cn1cnc2c1c(=O)n(C)c(=O)n2C,=,80,uM,4.10,ASSAY-1,DOC-3,2018,train,inactive
CPD-018,Cn1cnc2c1c(=O)n(C)c(=O)n2C,=,50,nM,7.30,ASSAY-1,DOC-4,2022,test,active
CPD-019,CC(C)Cc1ccc(C(C)C(=O)O)cc1,=,20,uM,4.70,ASSAY-1,DOC-3,2018,train,inactive
CPD-020,CC(C)Cc1ccc([C@H](C)C(=O)O)cc1,=,5,uM,5.30,ASSAY-1,DOC-4,2022,test,active
CPD-021,Oc1ccccn1,=,70,uM,4.15,ASSAY-1,DOC-3,2018,train,inactive
CPD-022,O=c1cccc[nH]1,=,65,uM,4.19,ASSAY-1,DOC-4,2022,test,inactive
CPD-023,C[C@H](O)C(C)N,=,12,uM,4.92,ASSAY-2,DOC-5,2020,train,inactive
CPD-024,CCOC(=O)c1ccccc1.OC(=O)c1ccccc1,=,1,uM,6.00,ASSAY-2,DOC-5,2020,train,active
CPD-025,[2H]C([2H])([2H])Oc1ccccc1,=,40,uM,4.40,ASSAY-2,DOC-5,2020,train,inactive
CPD-026,O=C1C=CC(=O)C=C1,=,2,uM,5.70,ASSAY-2,DOC-5,2020,train,active
CPD-027,C[N+](C)(C)CCO,=,100,uM,4.00,ASSAY-2,DOC-5,2020,test,inactive
CPD-028,N.N.Cl[Pt]Cl,=,15,uM,4.82,ASSAY-2,DOC-5,2020,test,inactive
CPD-029,CN1CCC[C@H]1c1cccnc1,=,60,uM,4.22,ASSAY-2,DOC-5,2020,,inactive
CPD-030,CC(=O)Nc1ccc(O)cc1,=,5,,,ASSAY-2,DOC-5,2020,train,
CPD-031,C1CC(C,=,7,uM,5.15,ASSAY-2,DOC-5,2020,train,active
CPD-032,CC(=O)Nc1ccc(O)cc1 paracetamol,=,3,uM,5.52,ASSAY-2,DOC-5,2020,train,active
CPD-033,,=,9,uM,5.05,ASSAY-2,DOC-5,2020,train,active
